<project>
	<modelVersion>4.0.0</modelVersion>
	<groupId>com.optum.bluejay</groupId>
	<artifactId>appname</artifactId>
	<version>1.0-SNAPSHOT</version>
	<name>appname</name>
	<distributionManagement>
		<repository>
			<id>optum</id>
			<name>repo1.uhc.com-releases</name>
			<url>https://repo1.uhc.com/artifactory/UHG-Releases</url>
		</repository>
	</distributionManagement>
	<pluginRepositories>
    <pluginRepository>
      <id>optum</id>
      <name>Optum Repository</name>
		<url>https://repo1.uhc.com/artifactory/UHG-Releases</url>
      <layout>default</layout>
      <snapshots>
        <enabled>false</enabled>
      </snapshots>
      <releases>
        <updatePolicy>never</updatePolicy>
      </releases>
    </pluginRepository>
	</pluginRepositories>
	<dependencyManagement>
		<dependencies>
			<dependency>
				<groupId>com.optum.bluejay</groupId>
				<artifactId>bluejay-maven-plugin</artifactId>
				<version>0.2</version>
		<!--	<scope>verify</scope> -->
			</dependency>
		</dependencies>
	</dependencyManagement>
	<build>
		<plugins>
			<plugin>
				<groupId>com.optum.bluejay</groupId>
				<artifactId>bluejay-maven-plugin</artifactId>
				<version>0.2</version>
				<configuration>
					<bluejayhost>bluejayhost</bluejayhost>
					<testid>0</testid>
				</configuration>
				<executions>
					<execution>
						<id>launchtest-verify</id>
						<phase>verify</phase>
						<goals>
							<goal>launchtest</goal>
						</goals>
					</execution>
				</executions>
			</plugin>
		</plugins>
	</build>
</project>
