<?xml version="1.0" encoding="UTF-8"?>
<project	xmlns="http://maven.apache.org/POM/4.0.0"
			xmlns:xsi="http://www.w3.org/2001/XMLSchema-instance"
			xsi:schemaLocation="http://maven.apache.org/POM/4.0.0 http://maven.apache.org/xsd/maven-4.0.0.xsd">
	<modelVersion>4.0.0</modelVersion>
	<groupId>com.optum</groupId>
	<artifactId>demopoc-gatling</artifactId>
	<version>1.0-snapshot</version>
	<properties>
		<encoding>UTF-8</encoding>
		<scala.version>2.12.7</scala.version>
		<gatling.version>3.0.1</gatling.version>
		<scala-maven-plugin.version>3.4.4</scala-maven-plugin.version>
		<gatling-maven-plugin.version>3.0.1</gatling-maven-plugin.version>
	</properties>
	<dependencyManagement>
		<dependencies>
			<dependency>
				<groupId>io.gatling</groupId>
				<artifactId>gatling-app</artifactId>
				<version>${gatling.version}</version>
			</dependency>
			<dependency>
				<groupId>io.gatling</groupId>
				<artifactId>gatling-recorder</artifactId>
				<version>${gatling.version}</version>
			</dependency>
			<dependency>
				<groupId>io.gatling.highcharts</groupId>
				<artifactId>gatling-charts-highcharts</artifactId>
				<version>${gatling.version}</version>
			</dependency>
			<dependency>
				<groupId>org.scala-lang</groupId>
				<artifactId>scala-library</artifactId>
				<version>${scala.version}</version>
			</dependency>
		</dependencies>
	</dependencyManagement>
	<dependencies>
		<dependency>
			<groupId>io.gatling.highcharts</groupId>
			<artifactId>gatling-charts-highcharts</artifactId>
		</dependency>
		<dependency>
			<groupId>io.gatling</groupId>
			<artifactId>gatling-app</artifactId>
		</dependency>
		<dependency>
			<groupId>io.gatling</groupId>
			<artifactId>gatling-recorder</artifactId>
		</dependency>
		<dependency>
			<groupId>org.scala-lang</groupId>
			<artifactId>scala-library</artifactId>
		</dependency>
	</dependencies>
	<build>
		<testSourceDirectory>src/test/scala</testSourceDirectory>
		<pluginManagement>
			<plugins>
				<plugin>
					<groupId>net.alchim31.maven</groupId>
					<artifactId>scala-maven-plugin</artifactId>
					<version>${scala-maven-plugin.version}</version>
				</plugin>
			</plugins>
		</pluginManagement>
		<plugins>
			<plugin>
				<groupId>net.alchim31.maven</groupId>
				<artifactId>scala-maven-plugin</artifactId>
				<version>${scala-maven-plugin.version}</version>
				<executions>
					<execution>
						<goals>
							<goal>testCompile</goal>
						</goals>
						<configuration>
					<!--	<configFolder>/opt/app-root/etc/</configFolder> -->
							<args>
								<arg>-target:jvm-1.8</arg>
								<arg>-deprecation</arg>
								<arg>-feature</arg>
								<arg>-unchecked</arg>
								<arg>-language:implicitConversions</arg>
								<arg>-language:postfixOps</arg>
							</args>
						</configuration>
					</execution>
				</executions>
			</plugin>
			<plugin>
				<groupId>io.gatling</groupId>
				<artifactId>gatling-maven-plugin</artifactId>
				<version>${gatling-maven-plugin.version}</version>
			</plugin>
		</plugins>
	</build>
</project>
